[{"model": "team_management.role", "pk": 1, "fields": {"name": "Front-end Developer", "prefix": "Jr", "description": ""}}, {"model": "team_management.role", "pk": 2, "fields": {"name": "Front-end Developer", "prefix": "Md", "description": ""}}, {"model": "team_management.role", "pk": 3, "fields": {"name": "Front-end Developer", "prefix": "Sr", "description": ""}}, {"model": "team_management.role", "pk": 4, "fields": {"name": "Back-end Developer", "prefix": "Jr", "description": ""}}, {"model": "team_management.role", "pk": 5, "fields": {"name": "Back-end Developer", "prefix": "Md", "description": ""}}, {"model": "team_management.role", "pk": 6, "fields": {"name": "Back-end Developer", "prefix": "Sr", "description": ""}}, {"model": "team_management.role", "pk": 7, "fields": {"name": "DevOps", "prefix": "Jr", "description": ""}}, {"model": "team_management.role", "pk": 8, "fields": {"name": "DevOps", "prefix": "Md", "description": ""}}, {"model": "team_management.role", "pk": 9, "fields": {"name": "DevOPS", "prefix": "Sr", "description": ""}}, {"model": "team_management.role", "pk": 10, "fields": {"name": "QA", "prefix": "Jr", "description": ""}}, {"model": "team_management.role", "pk": 11, "fields": {"name": "QA", "prefix": "Md", "description": ""}}, {"model": "team_management.role", "pk": 12, "fields": {"name": "QA", "prefix": "Sr", "description": ""}}, {"model": "team_management.role", "pk": 13, "fields": {"name": "Architecture", "prefix": "Jr", "description": ""}}, {"model": "team_management.role", "pk": 14, "fields": {"name": "Architecture", "prefix": "Md", "description": ""}}, {"model": "team_management.role", "pk": 15, "fields": {"name": "Architecture", "prefix": "Sr", "description": ""}}, {"model": "team_management.role", "pk": 16, "fields": {"name": "Team Lead", "prefix": "", "description": ""}}, {"model": "team_management.role", "pk": 17, "fields": {"name": "Product Owner", "prefix": "Jr", "description": ""}}, {"model": "team_management.role", "pk": 18, "fields": {"name": "Product Owner", "prefix": "Md", "description": ""}}, {"model": "team_management.role", "pk": 19, "fields": {"name": "Product Owner", "prefix": "Sr", "description": ""}}, {"model": "team_management.role", "pk": 20, "fields": {"name": "Project Coordinator", "prefix": "", "description": ""}}, {"model": "team_management.role", "pk": 21, "fields": {"name": "Team Coordinator", "prefix": "", "description": ""}}, {"model": "team_management.role", "pk": 22, "fields": {"name": "Tech Lead", "prefix": "", "description": ""}}, {"model": "team_management.skill", "pk": 1, "fields": {"name": "Javascript", "description": ""}}, {"model": "team_management.skill", "pk": 2, "fields": {"name": "Python", "description": ""}}, {"model": "team_management.skill", "pk": 3, "fields": {"name": "Django", "description": ""}}, {"model": "team_management.skill", "pk": 4, "fields": {"name": "React", "description": ""}}, {"model": "team_management.skill", "pk": 5, "fields": {"name": "Redux", "description": ""}}, {"model": "team_management.skill", "pk": 6, "fields": {"name": "Php", "description": ""}}, {"model": "team_management.skill", "pk": 7, "fields": {"name": "Communication", "description": ""}}, {"model": "team_management.skill", "pk": 8, "fields": {"name": "Initiative", "description": ""}}, {"model": "team_management.skill", "pk": 9, "fields": {"name": "Devops Architecture", "description": ""}}, {"model": "team_management.skill", "pk": 10, "fields": {"name": "Delivery in time", "description": ""}}, {"model": "team_management.skill", "pk": 11, "fields": {"name": "Architecture", "description": ""}}, {"model": "team_management.skill", "pk": 12, "fields": {"name": "Testing", "description": ""}}, {"model": "team_management.skill", "pk": 13, "fields": {"name": "Manual testing", "description": ""}}, {"model": "team_management.skill", "pk": 14, "fields": {"name": "Integration testing", "description": ""}}, {"model": "team_management.skill", "pk": 15, "fields": {"name": "Prototyping", "description": ""}}, {"model": "team_management.skill", "pk": 16, "fields": {"name": "Communication", "description": ""}}, {"model": "team_management.skill", "pk": 17, "fields": {"name": "Databases", "description": ""}}, {"model": "team_management.team", "pk": 1, "fields": {"name": "Web development", "description": "", "logo": ""}}, {"model": "team_management.team", "pk": 2, "fields": {"name": "DevOPS", "description": "", "logo": ""}}, {"model": "team_management.level", "pk": 1, "fields": {"name": "Good", "description": ""}}, {"model": "team_management.level", "pk": 2, "fields": {"name": "Need Improve", "description": ""}}, {"model": "team_management.parameter", "pk": 1, "fields": {"name": "Architecture", "description": ""}}, {"model": "team_management.parameter", "pk": 2, "fields": {"name": "No lean approach", "description": ""}}, {"model": "team_management.parameter", "pk": 3, "fields": {"name": "Stubborn sometimes", "description": ""}}, {"model": "team_management.parameter", "pk": 4, "fields": {"name": "Openness", "description": ""}}, {"model": "team_management.parameter", "pk": 5, "fields": {"name": "Deep thinking", "description": ""}}, {"model": "team_management.parameter", "pk": 6, "fields": {"name": "Experience", "description": ""}}, {"model": "auth.user", "pk": 1, "fields": {"password": "pbkdf2_sha256$120000$4jM9DyStpccm$vd95EjUnGFCPBCzL1TaMOvMgpkBx9n51K44QHSayd6c=", "last_login": "2018-08-19T15:55:25.491Z", "is_superuser": true, "username": "kry", "first_name": "", "last_name": "", "email": "kryklia@gmail.com", "is_staff": true, "is_active": true, "date_joined": "2018-08-19T15:53:46.236Z", "groups": [], "user_permissions": []}}, {"model": "auth.user", "pk": 2, "fields": {"password": "pbkdf2_sha256$120000$ABN8Pt0iEjKD$Ww03yO6a+toi+yYjOYrHoWYfn1iPX5XNX50sW/2b2aw=", "last_login": null, "is_superuser": false, "username": "Vladas", "first_name": "", "last_name": "", "email": "", "is_staff": false, "is_active": true, "date_joined": "2018-08-19T16:10:19.479Z", "groups": [], "user_permissions": []}}, {"model": "auth.user", "pk": 3, "fields": {"password": "pbkdf2_sha256$120000$78SxWKIuPsD6$QQXGX9CtLGXJkTJjiOoDDngeT1ESSl59EepU9J7qihc=", "last_login": null, "is_superuser": false, "username": "Indra", "first_name": "", "last_name": "", "email": "", "is_staff": false, "is_active": true, "date_joined": "2018-08-19T16:10:41.780Z", "groups": [], "user_permissions": []}}, {"model": "auth.user", "pk": 4, "fields": {"password": "pbkdf2_sha256$120000$9O6lEPa7pEWy$zW4DNRCm9lPCSRdHzVJShQndtX7AO+8FsoE3dPjGerY=", "last_login": null, "is_superuser": false, "username": "Koval", "first_name": "", "last_name": "", "email": "", "is_staff": false, "is_active": true, "date_joined": "2018-08-19T16:10:48.227Z", "groups": [], "user_permissions": []}}, {"model": "auth.user", "pk": 5, "fields": {"password": "pbkdf2_sha256$120000$AItQdO0GNdt3$uTiQ2yd33s37JcO+4/efubj6dq738nEXQ3+R6qPI+3Y=", "last_login": null, "is_superuser": false, "username": "Luky", "first_name": "", "last_name": "", "email": "", "is_staff": false, "is_active": true, "date_joined": "2018-08-19T16:10:54.782Z", "groups": [], "user_permissions": []}}, {"model": "auth.user", "pk": 6, "fields": {"password": "pbkdf2_sha256$120000$qc5DeuS1kO8z$PD1n6FdNLMxoZnO5FNw1oYBQhxgMKz1FYe1iOoUotro=", "last_login": null, "is_superuser": false, "username": "Leha", "first_name": "", "last_name": "", "email": "", "is_staff": false, "is_active": true, "date_joined": "2018-08-19T16:11:01.329Z", "groups": [], "user_permissions": []}}, {"model": "auth.user", "pk": 7, "fields": {"password": "pbkdf2_sha256$120000$m3Jrbjm0Qkl8$tzf5WAQ/782PA6SUbXxKv8dd0hFPsT3kgLtt76K05Pw=", "last_login": null, "is_superuser": false, "username": "Aldian", "first_name": "", "last_name": "", "email": "", "is_staff": false, "is_active": true, "date_joined": "2018-08-19T16:11:06.873Z", "groups": [], "user_permissions": []}}, {"model": "auth.user", "pk": 8, "fields": {"password": "pbkdf2_sha256$120000$47PzZoVeHKMk$uOg3BPTgeGVUuV0C6qLhX6MRqlNe2Yk/riWbt0Qt5Ds=", "last_login": null, "is_superuser": false, "username": "Swiridow", "first_name": "", "last_name": "", "email": "", "is_staff": false, "is_active": true, "date_joined": "2018-08-19T16:11:12.426Z", "groups": [], "user_permissions": []}}, {"model": "auth.user", "pk": 9, "fields": {"password": "pbkdf2_sha256$120000$RG3dsPYzFTzA$e76dLEljlEBAoBGsBTlM50E5uOZ9zD/tNommuAeZ4qA=", "last_login": null, "is_superuser": false, "username": "Elva", "first_name": "", "last_name": "", "email": "", "is_staff": false, "is_active": true, "date_joined": "2018-08-19T16:11:17.482Z", "groups": [], "user_permissions": []}}, {"model": "auth.user", "pk": 10, "fields": {"password": "pbkdf2_sha256$120000$3wH9UoZam5rO$4uAab3gj4K/RXoDDxFSXH6cO/8VzwP8itLI7Bm2iZ18=", "last_login": null, "is_superuser": false, "username": "Matt", "first_name": "", "last_name": "", "email": "", "is_staff": false, "is_active": true, "date_joined": "2018-08-19T16:11:22.989Z", "groups": [], "user_permissions": []}}, {"model": "sessions.session", "pk": "7jh44xq271hhfeo5xtiarw3jjm2pbob6", "fields": {"session_data": "OTY3OWFhYTEwYzk4YWM5OWY0ZDZjMzdkM2EyYTZiMzYyYjY2NGU2MDp7Il9hdXRoX3VzZXJfaWQiOiIxIiwiX2F1dGhfdXNlcl9iYWNrZW5kIjoiZGphbmdvLmNvbnRyaWIuYXV0aC5iYWNrZW5kcy5Nb2RlbEJhY2tlbmQiLCJfYXV0aF91c2VyX2hhc2giOiJiZGIxYjM3ZmYwYzllYWEyOGE3MzJjZDYwNGYxN2IxNzIwODEyNjVkIn0=", "expire_date": "2018-09-02T15:55:25.494Z"}}, {"model": "admin.logentry", "pk": 1, "fields": {"action_time": "2018-08-19T16:06:07.995Z", "user": 1, "content_type": 11, "object_id": "1", "object_repr": "Profile object (1)", "action_flag": 1, "change_message": "[{\"added\": {}}]"}}, {"model": "admin.logentry", "pk": 2, "fields": {"action_time": "2018-08-19T16:10:19.592Z", "user": 1, "content_type": 4, "object_id": "2", "object_repr": "Vladas", "action_flag": 1, "change_message": "[{\"added\": {}}]"}}, {"model": "admin.logentry", "pk": 3, "fields": {"action_time": "2018-08-19T16:10:41.895Z", "user": 1, "content_type": 4, "object_id": "3", "object_repr": "Indra", "action_flag": 1, "change_message": "[{\"added\": {}}]"}}, {"model": "admin.logentry", "pk": 4, "fields": {"action_time": "2018-08-19T16:10:48.341Z", "user": 1, "content_type": 4, "object_id": "4", "object_repr": "Koval", "action_flag": 1, "change_message": "[{\"added\": {}}]"}}, {"model": "admin.logentry", "pk": 5, "fields": {"action_time": "2018-08-19T16:10:54.889Z", "user": 1, "content_type": 4, "object_id": "5", "object_repr": "Luky", "action_flag": 1, "change_message": "[{\"added\": {}}]"}}, {"model": "admin.logentry", "pk": 6, "fields": {"action_time": "2018-08-19T16:11:01.437Z", "user": 1, "content_type": 4, "object_id": "6", "object_repr": "Leha", "action_flag": 1, "change_message": "[{\"added\": {}}]"}}, {"model": "admin.logentry", "pk": 7, "fields": {"action_time": "2018-08-19T16:11:06.985Z", "user": 1, "content_type": 4, "object_id": "7", "object_repr": "Aldian", "action_flag": 1, "change_message": "[{\"added\": {}}]"}}, {"model": "admin.logentry", "pk": 8, "fields": {"action_time": "2018-08-19T16:11:12.534Z", "user": 1, "content_type": 4, "object_id": "8", "object_repr": "Swiridow", "action_flag": 1, "change_message": "[{\"added\": {}}]"}}, {"model": "admin.logentry", "pk": 9, "fields": {"action_time": "2018-08-19T16:11:17.589Z", "user": 1, "content_type": 4, "object_id": "9", "object_repr": "Elva", "action_flag": 1, "change_message": "[{\"added\": {}}]"}}, {"model": "admin.logentry", "pk": 10, "fields": {"action_time": "2018-08-19T16:11:23.096Z", "user": 1, "content_type": 4, "object_id": "10", "object_repr": "Matt", "action_flag": 1, "change_message": "[{\"added\": {}}]"}}, {"model": "admin.logentry", "pk": 11, "fields": {"action_time": "2018-08-19T16:11:34.753Z", "user": 1, "content_type": 7, "object_id": "1", "object_repr": "Level object (1)", "action_flag": 1, "change_message": "[{\"added\": {}}]"}}, {"model": "admin.logentry", "pk": 12, "fields": {"action_time": "2018-08-19T16:11:40.381Z", "user": 1, "content_type": 7, "object_id": "2", "object_repr": "Level object (2)", "action_flag": 1, "change_message": "[{\"added\": {}}]"}}, {"model": "admin.logentry", "pk": 13, "fields": {"action_time": "2018-08-19T16:12:35.983Z", "user": 1, "content_type": 8, "object_id": "1", "object_repr": "Architecture", "action_flag": 1, "change_message": "[{\"added\": {}}]"}}, {"model": "admin.logentry", "pk": 14, "fields": {"action_time": "2018-08-19T16:12:41.421Z", "user": 1, "content_type": 8, "object_id": "2", "object_repr": "No lean approach", "action_flag": 1, "change_message": "[{\"added\": {}}]"}}, {"model": "admin.logentry", "pk": 15, "fields": {"action_time": "2018-08-19T16:12:45.621Z", "user": 1, "content_type": 8, "object_id": "3", "object_repr": "Stubborn sometimes", "action_flag": 1, "change_message": "[{\"added\": {}}]"}}, {"model": "admin.logentry", "pk": 16, "fields": {"action_time": "2018-08-19T16:12:49.147Z", "user": 1, "content_type": 8, "object_id": "4", "object_repr": "Openness", "action_flag": 1, "change_message": "[{\"added\": {}}]"}}, {"model": "admin.logentry", "pk": 17, "fields": {"action_time": "2018-08-19T16:12:53.819Z", "user": 1, "content_type": 8, "object_id": "5", "object_repr": "Deep thinking", "action_flag": 1, "change_message": "[{\"added\": {}}]"}}, {"model": "admin.logentry", "pk": 18, "fields": {"action_time": "2018-08-19T16:12:57.918Z", "user": 1, "content_type": 8, "object_id": "6", "object_repr": "Experience", "action_flag": 1, "change_message": "[{\"added\": {}}]"}}, {"model": "admin.logentry", "pk": 19, "fields": {"action_time": "2018-08-19T16:13:14.709Z", "user": 1, "content_type": 12, "object_id": "1", "object_repr": "Web development", "action_flag": 1, "change_message": "[{\"added\": {}}]"}}, {"model": "admin.logentry", "pk": 20, "fields": {"action_time": "2018-08-19T16:13:18.264Z", "user": 1, "content_type": 12, "object_id": "2", "object_repr": "DevOPS", "action_flag": 1, "change_message": "[{\"added\": {}}]"}}, {"model": "admin.logentry", "pk": 21, "fields": {"action_time": "2018-08-19T16:14:04.863Z", "user": 1, "content_type": 9, "object_id": "1", "object_repr": "Junior Front-end Developer", "action_flag": 1, "change_message": "[{\"added\": {}}]"}}, {"model": "admin.logentry", "pk": 22, "fields": {"action_time": "2018-08-19T16:14:23.284Z", "user": 1, "content_type": 9, "object_id": "2", "object_repr": "Middle Front-end Developer", "action_flag": 1, "change_message": "[{\"added\": {}}]"}}, {"model": "admin.logentry", "pk": 23, "fields": {"action_time": "2018-08-19T16:20:39.403Z", "user": 1, "content_type": 9, "object_id": "2", "object_repr": "Front-end Developer", "action_flag": 2, "change_message": "[{\"changed\": {\"fields\": [\"name\", \"prefix\"]}}]"}}, {"model": "admin.logentry", "pk": 24, "fields": {"action_time": "2018-08-19T16:22:07.127Z", "user": 1, "content_type": 9, "object_id": "1", "object_repr": "Jr Front-end Developer", "action_flag": 2, "change_message": "[{\"changed\": {\"fields\": [\"name\", \"prefix\"]}}]"}}, {"model": "admin.logentry", "pk": 25, "fields": {"action_time": "2018-08-19T16:25:05.159Z", "user": 1, "content_type": 9, "object_id": "1", "object_repr": "Junior Front-end Developer", "action_flag": 2, "change_message": "[]"}}, {"model": "admin.logentry", "pk": 26, "fields": {"action_time": "2018-08-19T16:25:52.430Z", "user": 1, "content_type": 9, "object_id": "3", "object_repr": "Senior Front-end Developer", "action_flag": 1, "change_message": "[{\"added\": {}}]"}}, {"model": "admin.logentry", "pk": 27, "fields": {"action_time": "2018-08-19T16:26:01.532Z", "user": 1, "content_type": 9, "object_id": "4", "object_repr": "Junior Back-end Developer", "action_flag": 1, "change_message": "[{\"added\": {}}]"}}, {"model": "admin.logentry", "pk": 28, "fields": {"action_time": "2018-08-19T16:26:04.902Z", "user": 1, "content_type": 9, "object_id": "5", "object_repr": "Middle Back-end Developer", "action_flag": 1, "change_message": "[{\"added\": {}}]"}}, {"model": "admin.logentry", "pk": 29, "fields": {"action_time": "2018-08-19T16:26:08.324Z", "user": 1, "content_type": 9, "object_id": "6", "object_repr": "Senior Back-end Developer", "action_flag": 1, "change_message": "[{\"added\": {}}]"}}, {"model": "admin.logentry", "pk": 30, "fields": {"action_time": "2018-08-19T16:26:13.385Z", "user": 1, "content_type": 9, "object_id": "7", "object_repr": "Junior DevOps", "action_flag": 1, "change_message": "[{\"added\": {}}]"}}, {"model": "admin.logentry", "pk": 31, "fields": {"action_time": "2018-08-19T16:26:20.622Z", "user": 1, "content_type": 9, "object_id": "8", "object_repr": "Middle DevOps", "action_flag": 1, "change_message": "[{\"added\": {}}]"}}, {"model": "admin.logentry", "pk": 32, "fields": {"action_time": "2018-08-19T16:26:27.750Z", "user": 1, "content_type": 9, "object_id": "9", "object_repr": "Senior DevOPS", "action_flag": 1, "change_message": "[{\"added\": {}}]"}}, {"model": "admin.logentry", "pk": 33, "fields": {"action_time": "2018-08-19T16:26:33.315Z", "user": 1, "content_type": 9, "object_id": "10", "object_repr": "Junior QA", "action_flag": 1, "change_message": "[{\"added\": {}}]"}}, {"model": "admin.logentry", "pk": 34, "fields": {"action_time": "2018-08-19T16:26:36.047Z", "user": 1, "content_type": 9, "object_id": "11", "object_repr": "Middle QA", "action_flag": 1, "change_message": "[{\"added\": {}}]"}}, {"model": "admin.logentry", "pk": 35, "fields": {"action_time": "2018-08-19T16:26:38.726Z", "user": 1, "content_type": 9, "object_id": "12", "object_repr": "Senior QA", "action_flag": 1, "change_message": "[{\"added\": {}}]"}}, {"model": "admin.logentry", "pk": 36, "fields": {"action_time": "2018-08-19T16:26:48.265Z", "user": 1, "content_type": 9, "object_id": "13", "object_repr": "Junior Architecture", "action_flag": 1, "change_message": "[{\"added\": {}}]"}}, {"model": "admin.logentry", "pk": 37, "fields": {"action_time": "2018-08-19T16:26:51.064Z", "user": 1, "content_type": 9, "object_id": "14", "object_repr": "Middle Architecture", "action_flag": 1, "change_message": "[{\"added\": {}}]"}}, {"model": "admin.logentry", "pk": 38, "fields": {"action_time": "2018-08-19T16:26:54.119Z", "user": 1, "content_type": 9, "object_id": "15", "object_repr": "Senior Architecture", "action_flag": 1, "change_message": "[{\"added\": {}}]"}}, {"model": "admin.logentry", "pk": 39, "fields": {"action_time": "2018-08-19T16:27:35.922Z", "user": 1, "content_type": 9, "object_id": "16", "object_repr": "Team Lead", "action_flag": 1, "change_message": "[{\"added\": {}}]"}}, {"model": "admin.logentry", "pk": 40, "fields": {"action_time": "2018-08-19T16:27:43.892Z", "user": 1, "content_type": 9, "object_id": "16", "object_repr": "Team Lead", "action_flag": 2, "change_message": "[]"}}, {"model": "admin.logentry", "pk": 41, "fields": {"action_time": "2018-08-19T16:27:52.717Z", "user": 1, "content_type": 9, "object_id": "17", "object_repr": "Junior Product Owner", "action_flag": 1, "change_message": "[{\"added\": {}}]"}}, {"model": "admin.logentry", "pk": 42, "fields": {"action_time": "2018-08-19T16:27:55.408Z", "user": 1, "content_type": 9, "object_id": "18", "object_repr": "Middle Product Owner", "action_flag": 1, "change_message": "[{\"added\": {}}]"}}, {"model": "admin.logentry", "pk": 43, "fields": {"action_time": "2018-08-19T16:27:58.012Z", "user": 1, "content_type": 9, "object_id": "19", "object_repr": "Senior Product Owner", "action_flag": 1, "change_message": "[{\"added\": {}}]"}}, {"model": "admin.logentry", "pk": 44, "fields": {"action_time": "2018-08-19T16:28:06.115Z", "user": 1, "content_type": 9, "object_id": "20", "object_repr": "Project Coordinator", "action_flag": 1, "change_message": "[{\"added\": {}}]"}}, {"model": "admin.logentry", "pk": 45, "fields": {"action_time": "2018-08-19T16:28:11.129Z", "user": 1, "content_type": 9, "object_id": "21", "object_repr": "Team Coordinator", "action_flag": 1, "change_message": "[{\"added\": {}}]"}}, {"model": "admin.logentry", "pk": 46, "fields": {"action_time": "2018-08-19T16:28:16.059Z", "user": 1, "content_type": 9, "object_id": "22", "object_repr": "Tech Lead", "action_flag": 1, "change_message": "[{\"added\": {}}]"}}, {"model": "admin.logentry", "pk": 47, "fields": {"action_time": "2018-08-19T16:28:34.576Z", "user": 1, "content_type": 10, "object_id": "1", "object_repr": "Javascript", "action_flag": 1, "change_message": "[{\"added\": {}}]"}}, {"model": "admin.logentry", "pk": 48, "fields": {"action_time": "2018-08-19T16:28:37.918Z", "user": 1, "content_type": 10, "object_id": "2", "object_repr": "Python", "action_flag": 1, "change_message": "[{\"added\": {}}]"}}, {"model": "admin.logentry", "pk": 49, "fields": {"action_time": "2018-08-19T16:28:41.292Z", "user": 1, "content_type": 10, "object_id": "3", "object_repr": "Django", "action_flag": 1, "change_message": "[{\"added\": {}}]"}}, {"model": "admin.logentry", "pk": 50, "fields": {"action_time": "2018-08-19T16:28:44.587Z", "user": 1, "content_type": 10, "object_id": "4", "object_repr": "React", "action_flag": 1, "change_message": "[{\"added\": {}}]"}}, {"model": "admin.logentry", "pk": 51, "fields": {"action_time": "2018-08-19T16:28:48.181Z", "user": 1, "content_type": 10, "object_id": "5", "object_repr": "Redux", "action_flag": 1, "change_message": "[{\"added\": {}}]"}}, {"model": "admin.logentry", "pk": 52, "fields": {"action_time": "2018-08-19T16:28:51.195Z", "user": 1, "content_type": 10, "object_id": "6", "object_repr": "Php", "action_flag": 1, "change_message": "[{\"added\": {}}]"}}, {"model": "admin.logentry", "pk": 53, "fields": {"action_time": "2018-08-19T16:28:54.047Z", "user": 1, "content_type": 10, "object_id": "7", "object_repr": "Communication", "action_flag": 1, "change_message": "[{\"added\": {}}]"}}, {"model": "admin.logentry", "pk": 54, "fields": {"action_time": "2018-08-19T16:28:57.023Z", "user": 1, "content_type": 10, "object_id": "8", "object_repr": "Initiative", "action_flag": 1, "change_message": "[{\"added\": {}}]"}}, {"model": "admin.logentry", "pk": 55, "fields": {"action_time": "2018-08-19T16:29:02.276Z", "user": 1, "content_type": 10, "object_id": "9", "object_repr": "Devops Architecture", "action_flag": 1, "change_message": "[{\"added\": {}}]"}}, {"model": "admin.logentry", "pk": 56, "fields": {"action_time": "2018-08-19T16:29:06.248Z", "user": 1, "content_type": 10, "object_id": "10", "object_repr": "Delivery in time", "action_flag": 1, "change_message": "[{\"added\": {}}]"}}, {"model": "admin.logentry", "pk": 57, "fields": {"action_time": "2018-08-19T16:29:09.278Z", "user": 1, "content_type": 10, "object_id": "11", "object_repr": "Architecture", "action_flag": 1, "change_message": "[{\"added\": {}}]"}}, {"model": "admin.logentry", "pk": 58, "fields": {"action_time": "2018-08-19T16:29:12.244Z", "user": 1, "content_type": 10, "object_id": "12", "object_repr": "Testing", "action_flag": 1, "change_message": "[{\"added\": {}}]"}}, {"model": "admin.logentry", "pk": 59, "fields": {"action_time": "2018-08-19T16:29:16.828Z", "user": 1, "content_type": 10, "object_id": "13", "object_repr": "Manual testing", "action_flag": 1, "change_message": "[{\"added\": {}}]"}}, {"model": "admin.logentry", "pk": 60, "fields": {"action_time": "2018-08-19T16:29:21.136Z", "user": 1, "content_type": 10, "object_id": "14", "object_repr": "Integration testing", "action_flag": 1, "change_message": "[{\"added\": {}}]"}}, {"model": "admin.logentry", "pk": 61, "fields": {"action_time": "2018-08-19T16:29:24.046Z", "user": 1, "content_type": 10, "object_id": "15", "object_repr": "Prototyping", "action_flag": 1, "change_message": "[{\"added\": {}}]"}}, {"model": "admin.logentry", "pk": 62, "fields": {"action_time": "2018-08-19T16:29:27.452Z", "user": 1, "content_type": 10, "object_id": "16", "object_repr": "Communication", "action_flag": 1, "change_message": "[{\"added\": {}}]"}}, {"model": "admin.logentry", "pk": 63, "fields": {"action_time": "2018-08-19T16:29:30.812Z", "user": 1, "content_type": 10, "object_id": "17", "object_repr": "Databases", "action_flag": 1, "change_message": "[{\"added\": {}}]"}}, {"model": "team_management.profile", "pk": 1, "fields": {"user": 1, "about": "me", "location": "Kiev", "birth_date": "1982-08-14", "avatar": "", "team": []}}, {"model": "team_management.profile", "pk": 2, "fields": {"user": 2, "about": "", "location": "", "birth_date": null, "avatar": "", "team": []}}, {"model": "team_management.profile", "pk": 3, "fields": {"user": 3, "about": "", "location": "", "birth_date": null, "avatar": "", "team": []}}, {"model": "team_management.profile", "pk": 4, "fields": {"user": 4, "about": "", "location": "", "birth_date": null, "avatar": "", "team": []}}, {"model": "team_management.profile", "pk": 5, "fields": {"user": 5, "about": "", "location": "", "birth_date": null, "avatar": "", "team": []}}, {"model": "team_management.profile", "pk": 6, "fields": {"user": 6, "about": "", "location": "", "birth_date": null, "avatar": "", "team": []}}, {"model": "team_management.profile", "pk": 7, "fields": {"user": 7, "about": "", "location": "", "birth_date": null, "avatar": "", "team": []}}, {"model": "team_management.profile", "pk": 8, "fields": {"user": 8, "about": "", "location": "", "birth_date": null, "avatar": "", "team": []}}, {"model": "team_management.profile", "pk": 9, "fields": {"user": 9, "about": "", "location": "", "birth_date": null, "avatar": "", "team": []}}, {"model": "team_management.profile", "pk": 10, "fields": {"user": 10, "about": "", "location": "", "birth_date": null, "avatar": "", "team": []}}]